<?xml version="1.0" encoding="iso-8859-1"?>
<mosinstall type="module">
	<name>Logged in Users</name>
	<author>Joomla! Project</author>
	<creationDate>January 2005</creationDate>
	<copyright>(C) 2005 Open Source Matters. All rights reserved.</copyright>
	<license>http://www.gnu.org/copyleft/gpl.html GNU/GPL</license>
	<authorEmail>admin@joomla.org</authorEmail>
	<authorUrl>www.joomla.org</authorUrl>
	<version>1.0.0</version>
	<description>This module shows a list of the currently logged in users</description>
	<files>
		<filename module="mod_logged">mod_logged.php</filename>
	</files>
	<params/>
</mosinstall>
