<?xml version="1.0" encoding="iso-8859-1"?>
<mosinstall type="module" version="1.0.0">
	<name>Sections</name>
	<author>Joomla! Project</author>
	<creationDate>July 2004</creationDate>
	<copyright>(C) 2005 Open Source Matters. All rights reserved.</copyright>
	<license>http://www.gnu.org/copyleft/gpl.html GNU/GPL</license>
	<authorEmail>admin@joomla.org</authorEmail>
	<authorUrl>www.joomla.org</authorUrl>
	<version>1.0.0</version>
	<description>The Section module shows a list of all Sections configured in your database. The Sections refer here to the Item Sections only. If the configuration 'Show Unauthorized Links' is set, the list will be limited to the sections the user is allowed to see.</description>
	<files>
	<filename module="mod_sections">mod_sections.php</filename>
	</files>
	<params>
		<param name="count" type="text" default="5" label="Count" description="The number of items to display (default is 5)" />
		<param name="moduleclass_sfx" type="text" default="" label="Module Class Suffix" description="A suffix to be applied to the css class of the module (table.moduletable), this allows individual module styling" />
	</params>
</mosinstall>
