<?xml version="1.0" encoding="iso-8859-1"?>
<mosinstall type="module" version="1.0.0">
	<name>RokLogin Module</name>
	<author>RocketTheme</author>
	<creationDate>March 2007</creationDate>
	<copyright>(c) 2006 RocketTheme</copyright>
	<license>http://www.gnu.org/copyleft/gpl.html GNU/GPL</license>
	<authorEmail>support@rockettheme.com</authorEmail>
	<authorUrl>www.rockettheme.com</authorUrl>
	<version>1.0.0</version>
	<description>RocketTheme Version of the Joomla 1.0.12 Login Module.  This module displays a Username and Password login form. It also displays a link to retrieve a forgotten password. If user registration is enabled, (refer to the Configuration settings), then another link will be shown to invite users to self-register.</description>
	<files>
		<filename module="mod_roklogin">mod_roklogin.php</filename>
	</files>
	<params>
		<param name="moduleclass_sfx" type="text" default="" label="Module Class Suffix" description="A suffix to be applied to the css class of the module (table.moduletable), this allows individual module styling" />
		<param name="pretext" type="textarea" cols="20" rows="5" default="" label="Pre-text" description="This is the Text or HTML that is displayed above the login form" />
		<param name="posttext" type="textarea" cols="20" rows="5" label="Post-text" description="This is the Text or HTML that is displayed below the login form" />
		<param name="login" type="text" default="" label="Login Redirection URL" description="What page will the login redirect to after login, if let blank will load front page" />
		<param name="logout" type="text" default="" label="Logout Redirection URL" description="What page will the login redirect to after login, if let blank will load front page" />
		<param name="login_message" type="radio" default="0" label="Login Message" description="Show/Hide the javascript Pop-up indicating Login Success">
			<option value="0">Hide</option>
			<option value="1">Show</option>
		</param>
		<param name="logout_message" type="radio" default="0" label="Logout Message" description="Show/Hide the javascript Pop-up indicating Logout Success">
			<option value="0">Hide</option>
			<option value="1">Show</option>
		</param>
		<param name="greeting" type="radio" default="1" label="Greeting" description="Show/Hide the simple greeting text">
			<option value="0">No</option>
			<option value="1">Yes</option>
		</param>
		<param name="name" type="list" default="0" label="Name/Username">
			<option value="0">Username</option>
			<option value="1">Name</option>
		</param>
		<param name="showforgotpw" type="list" default="1" label="Forgot Password Link">
			<option value="0">Hide</option>
			<option value="1">Show</option>
		</param>
		<param name="autoremember" type="list" default="1" label="Auto-Remember" description="hide option to remember and just do it">
			<option value="0">False</option>
			<option value="1">True</option>
		</param>
	</params>
</mosinstall>
