<?xml version="1.0" encoding="iso-8859-1"?>
<mosinstall type="module" version="1.0.0">
	<name>Banner</name>
	<author>Joomla! Project</author>
	<creationDate>August 2004</creationDate>
	<copyright>(C) 2005 Open Source Matters. All rights reserved.</copyright>
	<license>http://www.gnu.org/copyleft/gpl.html GNU/GPL</license>
	<authorEmail>admin@joomla.org</authorEmail>
	<authorUrl>www.joomla.org</authorUrl>
	<version>1.0.0</version>
	<description>The banner module allows to show the active banners out of the component within your site.</description>
	<files>
		<filename module="mod_banners">mod_banners.php</filename>
	</files>
	<params>
		<param name="banner_cids" type="text" default="" label="Banner client" description="Reference to banner client id. Enter separated by ','!" />
		<param name="moduleclass_sfx" type="text" default="" label="Module Class Suffix" description="A suffix to be applied to the css class of the module (table.moduletable), this allows individual module styling" />
	</params>
</mosinstall>
