<?xml version="1.0" encoding="utf-8"?>
<mosinstall type="module">
	<name>Simple RSS Feed Reader</name>
	<author>Fotis Evangelou - George Chouliaras (JoomlaWorks)</author>
	<creationDate>31/01/2007</creationDate>	
	<copyright>This extension in released under the GNU/GPL License - http://www.gnu.org/copyleft/gpl.html</copyright>
	<authorEmail>joomlaworks@gmail.com</authorEmail>
	<authorUrl>http://www.joomlaworks.gr</authorUrl>
	<version>1.1</version>
	<description>
		<![CDATA[
<style type="text/css" media="all">
<!--
#extension_container {padding:0px 0px 4px 0px;}
h1 {clear:both;margin:0px 0px 12px 0px;padding:0px 0px 1px 0px;color:#C64934;font-size:17px;border-bottom:1px dotted #505050;}
h2 {clear:both;font-size:17px;}
.title {margin:4px 0px;font-size:12px;font-weight:bold;}
.red {color:#C64934;}
#extension_container ul {margin:4px 16px;padding:0px;list-style:square;}
#extension_container ul li {margin:2px;padding:0px;}
-->
</style>
<div id="extension_container">
  <h1><a target="_blank" title="Visit JoomlaWorks!" href="http://www.joomlaworks.gr">"Simple RSS Feed Reader" Module v1.x (by JoomlaWorks.gr)</a></h1>
  <a title="Visit the official project website!" href="http://www.joomlaworks.gr"><img style="float:right;background:#fff;border:1px solid #ccc;padding:2px;margin:0px 0px 2px 8px;" src="../modules/mod_jw_srfr/srfr_logo.png" border="0" alt="Logo" /></a>Adding RSS syndicated content inside your Joomla! website is now super-easy and simple with the "<b class="red">Simple RSS Feed Reader</b>" Module from JoomlaWorks. All you have to do is insert the Feed (RSS) URLs of the websites you want to syndicate in the module's settings, publish the module in some position and that's it! You can even publish <b>multiple feeds</b> at the same time (meaning in the same module instance) and even filter the latest X number, which you specify in the module parameters!<br /><br />
  No messing with the code and no worrying about feed encoding. You can publish right away english along with japanese feeds and have nothing to worry about!<br /><br />
  The "<b>Simple RSS Feed Reader</b>" module is based on the very popular <b>SimplePie PHP Class</b>, which makes it easy to integrate syndicated content into your Joomla! website — and you don’t even have to worry about what kind of feed it is! The "<b>Simple RSS Feed Reader</b>" module supports everything from the old-school RSS 0.91 and RSS 1.0 formats, to the ever-popular RSS 2.0 format, and also supports the emerging Atom format, in both 0.3 and 1.0 flavors. It has a very fast, very efficient caching system. By caching the processed data, rather than just the raw XML, the module is able to create a feed parser that's really, really quick.<br /><br />
  The feeds are stored inside Joomla!'s <b>cache</b> folder and refreshed in a specific time interval, which you set in the module's parameters.<br /><br />
  See the "<b>Simple RSS Feed Reader</b>" module in action in our exclusive demo site <a target="_blank" title="Visit the official JoomlaWorks demo website!" href="http://demo.joomlaworks.gr">HERE</a>!<br /><br />
  So, now, a) you have no reason not to use RSS feeds in your website (cause you thought RSS was difficult to setup), b) you have a module that will bring new content to your website, efficiently and with style and c) you can have multiple feeds display in a single place!
  <br /><br />
  <b>Enjoy!</b>
  <br /><br />
  <h2>USAGE INSTRUCTIONS</h2>
  After you install the module, simply adjust the "content (feed) display" settings in the parameters below and add Feed URLs of any encoding. The "<b>Simple RSS Feed Reader</b>" Module will detect your website's encoding and adjust all feeds to that specific encoding.<br /><br />
  In order for the module to work properly, your server must have the following PHP modules enabled: <b>cURL, iconv, PCRE, Zlib</b>. Don't worry, though, cause most servers have these PHP modules enabled by default. If not, then contact your hosting company to enable them.
  <br /><br />
  Please note that some RSS feeds might not display well even if you have the above PHP modules installed (rare occasion, but can happen). That is entirely based on how the server is <b class="red">setup</b> and if the specific language -with which you have issues- is properly <b>defined</b> in the server. In any case, contacting your hosting company is always the safest solution.
  <br /><br />
  The module already includes some generic CSS styling, which makes it truely "<b>plug and play</b>" for your Joomla! website. The output is entirely controlled through <b class="red">CSS</b>, so you can customize it as you like.
  <br /><br />
  <h2>CHANGELOG</h2>
  <div class="title">Version 1.1 Changelog (January 31st, 2007)</div>
  <ul>
    <li>Add the "RSS feed timeout" option to eliminate any errors showing when source sites are sluggish or down.</li>
	<li>Did some minor code fixes.</li>
	<li>Changed date display format to only use numeric values.</li>
  </ul>  
  <div class="title">Version 1.0 Changelog (January 29th, 2007)</div>
  <ul>
    <li>Version 1.0 of the module is released.</li>
  </ul>
  <br />
  <h2>CREDITS</h2>
  The "Simple RSS Feed Reader" Module is based on <a target="_blank" title="SimplePie" href="http://simplepie.org/">SimplePie</a>, a very fast and easy-to-use class, written in PHP, for reading RSS and Atom syndication feeds. <a target="_blank" title="SimplePie" href="http://simplepie.org/">SimplePie</a> is licensed under the GNU Lesser General Public License.<br /><br />
  <h2>FOR INFO, UPDATES, REQUESTS &amp; CONTACT</h2>
  Check out <a target="_blank" title="Visit JoomlaWorks!" href="http://www.joomlaworks.gr">JoomlaWorks.gr</a>, the official website of this Joomla extension and home to other popular ones, like the <b>Frontpage Slideshow Component/Module</b>, the <b>AJAX Newsflash Module</b>, the <b>Simple Image Gallery Plugin</b>, the <b>AllVideos Plugin</b> or the <b>Tabs In Content Items Plugin</b>.<br />
  <br />
  <a target="_blank" title="Visit JoomlaWorks!" href="http://www.joomlaworks.gr">JoomlaWorks.gr</a> is <u style="color:#C64934;font-weight:bold;">the</u> place to read interesting articles or find useful tips and tutorials for the Joomla! CMS and web design/development in general. At <a target="_blank" title="Visit JoomlaWorks!" href="http://www.joomlaworks.gr">JoomlaWorks.gr</a> you can always download the latest software updates as well as post comments, requests or even discuss this extension.<br />
  <br />
  Please show your support by rating or commenting on the extension at the official Joomla! Extensions website <a target="_blank" href="http://extensions.joomla.org/component/option,com_mtree/task,viewowner/user_id,1596/Itemid,35/">HERE</a>.
  <br /><br />
  <b>Thank you for your support!</b><br />
  <br />
  <strong style="color:#C64934;">This extension is released under the GNU/GPL license.</strong><br />
  <br />
  <i>(Last update: January 31st, 2007 - version 1.1)</i><br />
  <br />
</div>
		]]>
	</description>
	<files>
		<filename module="mod_jw_srfr">mod_jw_srfr.php</filename>
		<filename module="mod_jw_srfr">mod_jw_srfr/mod_jw_srfr.css</filename>
		<filename module="mod_jw_srfr">mod_jw_srfr/simplepie.inc</filename>
		<filename module="mod_jw_srfr">mod_jw_srfr/srfr_logo.png</filename>
	</files>
	<params>
		<param name="moduleclass_sfx" type="text" default="" label="Module Class Suffix" description="A suffix to be applied to the css class of the module (table.moduletable). This allows individual module styling." />
		<param name="@spacer" type="spacer" default="" label="" description="" />
		<param name="srfr_cache" type="text" default="30" label="Cache refresh time (in minutes)" description="Set the cache refresh time (in minutes). Increasing this time maximizes the performance of your website, but RSS feeds are refreshed less often. A time between 15 to 30 minutes is the best choise. In order for the 'cache' to work, your Joomla! cache folder must be server writable at least." />
		<param name="srfr_timeout" type="text" default="10" label="RSS Feed timeout" description="Set the time in seconds after which the module will timeout and stop requesting for data from problematic RSS feeds. Such feeds can come from source sites that are either sluggish or down. Choose to set a higher value if your server can sometimes be sluggish as well. Try though not to exceed 30 seconds." />		
		<param name="srfr_fitems" type="text" default="5" label="Items to display per Feed" description="Set the maximum number of items that will be displayed per RSS feed." />
		<param name="srfr_totalitems" type="text" default="" label="Total items (from all Feeds)" description="Set the total number of items that will be displayed from all feeds. So, even if you have 4 feeds displaying in your website, with 10 items per feed, and you have set 'Total items (from all feeds)' to 15, then no more than the last 15 items from ALL feeds will be displayed. This is a nice option to have, when you don't want the list of feeds to span a mile high in your website!" />						
		<param name="@spacer" type="spacer" default="" label="" description="" />
		<param name="srfr_fname" type="list" default="0" label="Display Feed name" description="Select whether to show each Feed's name or not. This is usually the source site's name.">
			<option value="0">No</option>
			<option value="1">Yes</option>
		</param>
		<param name="srfr_fititle" type="list" default="1" label="Display Feed Item title" description="Select whether to show the title of each Feed's item or not. This is usually the syndicated article title.">
			<option value="0">No</option>
			<option value="1">Yes</option>
		</param>
		<param name="srfr_fitime" type="list" default="1" label="Display Feed Item timestamp" description="Select whether to show the timestamp of each Feed's item or not. This is usually the publication timestamp of each syndicated article, also known as 'article creation timestamp' in CMS terms.">
			<option value="0">No</option>
			<option value="1">Yes</option>
		</param>
		<param name="srfr_ftimezone" type="radio" default="0" label="Timezone of Feed Item timestamp" description="Select if the dates will be shown in 'Local' or 'GMT' timezones. Use 'GMT' if your site has many international visitors or 'Local' if your visitors mainly come from the same country as you are. The 'Local' option uses Joomla!'s server time offset value, so make sure you've set your timezone offset correctly!">
			<option value="0">Local</option>
			<option value="1">GMT</option>
		</param>		
		<param name="srfr_fidesc" type="list" default="1" label="Display Feed Item description" description="Select whether to show the description of each Feed's item or not. This is usually the first few words of each syndicated article, also known as 'introtext' in CMS terms.">
			<option value="0">No</option>
			<option value="1">Yes</option>
		</param>				
		<param name="@spacer" type="spacer" default="" label="" description="" />
		<param name="srfr_url01" type="text" default="http://demo.joomlaworks.gr/index2.php?option=com_rss&feed=RSS2.0&no_html=" size="60" label="Feed URL" description="Add an RSS feed URL here!" />
		<param name="srfr_url02" type="text" default="" size="60" label="Feed URL" description="Add an RSS feed URL here!" />
		<param name="srfr_url03" type="text" default="" size="60" label="Feed URL" description="Add an RSS feed URL here!" />
		<param name="srfr_url04" type="text" default="" size="60" label="Feed URL" description="Add an RSS feed URL here!" />
		<param name="srfr_url05" type="text" default="" size="60" label="Feed URL" description="Add an RSS feed URL here!" />
		<param name="srfr_url06" type="text" default="" size="60" label="Feed URL" description="Add an RSS feed URL here!" />
		<param name="srfr_url07" type="text" default="" size="60" label="Feed URL" description="Add an RSS feed URL here!" />
		<param name="srfr_url08" type="text" default="" size="60" label="Feed URL" description="Add an RSS feed URL here!" />
		<param name="srfr_url09" type="text" default="" size="60" label="Feed URL" description="Add an RSS feed URL here!" />
		<param name="srfr_url10" type="text" default="" size="60" label="Feed URL" description="Add an RSS feed URL here!" />
		<param name="srfr_url11" type="text" default="" size="60" label="Feed URL" description="Add an RSS feed URL here!" />
		<param name="srfr_url12" type="text" default="" size="60" label="Feed URL" description="Add an RSS feed URL here!" />
		<param name="srfr_url13" type="text" default="" size="60" label="Feed URL" description="Add an RSS feed URL here!" />
		<param name="srfr_url14" type="text" default="" size="60" label="Feed URL" description="Add an RSS feed URL here!" />
		<param name="srfr_url15" type="text" default="" size="60" label="Feed URL" description="Add an RSS feed URL here!" />
		<param name="srfr_url16" type="text" default="" size="60" label="Feed URL" description="Add an RSS feed URL here!" />
		<param name="srfr_url17" type="text" default="" size="60" label="Feed URL" description="Add an RSS feed URL here!" />
		<param name="srfr_url18" type="text" default="" size="60" label="Feed URL" description="Add an RSS feed URL here!" />
		<param name="srfr_url19" type="text" default="" size="60" label="Feed URL" description="Add an RSS feed URL here!" />
		<param name="srfr_url20" type="text" default="" size="60" label="Feed URL" description="Add an RSS feed URL here!" />
		<param name="@spacer" type="spacer" default="" label="" description="" />
	</params>
</mosinstall>