<playlist version="1" xmlns="http://xspf.org/ns/0/"><trackList><track><title>Image 1 Title</title><info>http://www.visitchristchurch.org</info><location>modules/js_flashrotator/img/444316_22598220.jpg</location></track><track><title>Image 2 Title</title><info>http://www.visitchristchurch.org</info><location>modules/js_flashrotator/img/655108_45291913.jpg</location></track><track><title>Image 3 Title</title><info>http://www.visitchristchurch.org</info><location>modules/js_flashrotator/img/735502_31997389.jpg</location></track><track><title>Image 4 Title</title><info>http://www.visitchristchurch.org</info><location>modules/js_flashrotator/img/764388_42725092.jpg</location></track><track><title>Image 5 Title</title><info>http://www.visitchristchurch.org</info><location>modules/js_flashrotator/img/769040_35440327.jpg</location></track></trackList></playlist>