<playlist version="1" xmlns="http://xspf.org/ns/0/"><trackList><track><title>Image 1 Title</title><info>http://www.visitchristchurch.org</info><location>modules/js_flashrotator/img/494508_18818258.jpg</location></track><track><title>Image 2 Title</title><info>http://www.visitchristchurch.org</info><location>modules/js_flashrotator/img/572286_96813604.jpg</location></track><track><title>Image 3 Title</title><info>http://www.visitchristchurch.org</info><location>modules/js_flashrotator/img/706724_37467873.jpg</location></track><track><title>Image 4 Title</title><info>http://www.visitchristchurch.org</info><location>modules/js_flashrotator/img/766830_41774304.jpg</location></track><track><title>Image 5 Title</title><info>http://www.visitchristchurch.org</info><location>modules/js_flashrotator/img/745545_80711056.jpg</location></track></trackList></playlist>